{
  "mse_mean": 0.008254988689441235,
  "mse_std": 0.004298500665328412,
  "mse_median": 0.007352141896262765,
  "mae_mean": 0.05513575959950685,
  "mae_std": 0.017743964805082352,
  "mae_median": 0.05472802370786667,
  "snr_improvement_mean": 0.9417200088500977,
  "snr_improvement_std": 1.3310570105687622,
  "snr_improvement_median": 1.0578557848930359,
  "snr_before_mean": -3.7519896030426025,
  "snr_before_std": 1.288571628154489,
  "snr_before_median": -3.6590565741062164,
  "snr_after_mean": -2.810269594192505,
  "snr_after_std": 1.149866755818238,
  "snr_after_median": -2.6376286149024963,
  "pesq_mean": 2.8258519411087035,
  "pesq_std": 0.38525962120864843,
  "pesq_median": 2.909347653388977,
  "stoi_mean": 0.8462960795541283,
  "stoi_std": 0.06961255056085647,
  "stoi_median": 0.8275419986233369,
  "sisdr_mean": -20.43583048876208,
  "sisdr_std": 13.85490846406946,
  "sisdr_median": -15.207060415281823,
  "sisdr_improvement_mean": 1.2121381570588832,
  "sisdr_improvement_std": 15.14917365643545,
  "sisdr_improvement_median": 6.135517180012495
}